<?xml version="1.0" encoding="utf-8"?>
<resources>
	<string name="mapsAppText">Show Maps App</string>
	<string name="streetViewText">Show Street View</string>
	<string name="showMapActivity">Show Map Activity</string>
	<string name="showMapWithOverlays">Show Map with Overlays</string>
	<string name="demoLocationServices">Demo Location Services</string>
	<string name="app_name">Maps &amp; Location Demo</string>
    <string name="activity_label_samplemap">Map Demo</string>
    <string name="activity_label_location">Location Demo</string>
    <string name="activity_label_mapwithmarkers">Map with Markers Demo</string>
</resources>