<metadata>
  <!--
  This sample removes the class: android.support.v4.content.AsyncTaskLoader.LoadTask:
  <remove-node path="/api/package[@name='android.support.v4.content']/class[@name='AsyncTaskLoader.LoadTask']" />
  
  This sample removes the method: android.support.v4.content.CursorLoader.loadInBackground:
  <remove-node path="/api/package[@name='android.support.v4.content']/class[@name='CursorLoader']/method[@name='loadInBackground']" />
  -->
   <!--remove-node path="/api/package[@name='com.google.maps.android.clustring.ClusterManager']/class[@name='ClusterManager']" -->
  <!--
  <add-node path="/api/package[@name='com.google.maps.android.GoogleMap']/class[@name='GoogleMap']">
    <method name="OnInfoWindowClickListener" return="void" abstract="false" native="false" synchronized="false" static="false" final="false" deprecated="not deprecated" visibility="public" >
      <parameter name="listener" type="com.google.android.gms.maps.GoogleMap.OnInfoWindowClickListener"/>
    </method>
    <method name="OnMarkerClickListener" return="void" abstract="false" native="false" synchronized="false" static="false" final="false" deprecated="not deprecated" visibility="public" >
      <parameter name="listener" type="com.google.android.gms.maps.GoogleMap.OnMarkerClickListener"/>
    </method>
  </add-node>
  

 
  <attr path="/api/package[@name='com.google.android.gms.maps.model']/class[@name='LatLng']" name="managedName">LatLng</attr>

  <attr path="/api/package[@name='com.google.android.gms.maps.model']" name="managedName">Android.Gms.Common</attr>

  
  <add-node path="/api/package[@name='com.google.maps.android.clustering']/class[@name='ClusterItem']"/>
  <add-node path="/api/package[@name='com.google.maps.android.clustering']/class[@name='Cluster']"/>
  -->
  

  <!--
  
  <add-node path="/api/package[@name='com.google.maps.android.clustering']/class[@name='ClusterManager']"> 
                <method name="OnCameraChangeListener" return="void" abstract="false" native="false" synchronized="false" static="false" final="false" deprecated="not deprecated" visibility="public" > 
                <parameter name="listener" type="com.google.android.gms.maps.GoogleMap.OnCameraChangeListener"/> 
                </method>
   <method name="OnMarkerClickListener" return="void" abstract="false" native="false" synchronized="false" static="false" final="false" deprecated="not deprecated" visibility="public" >
     <parameter name="listener" type="com.google.android.gms.maps.GoogleMap.OnMarkerClickListener"/>
   </method>
 </add-node>
  
  

  

  <attr path="/api/package[@name='com.google.android.gms.maps']/class[@name='GoogleMap.OnInfoWindowClickListener']" name="visibility">public</attr>


  <add-node path="/api/package[@name='com.google.maps.android']/class[@name='MarkerManager']">
    <method name="OnInfoWindowClickListener" return="void" abstract="false" native="false" synchronized="false" static="false" final="false" deprecated="not deprecated" visibility="public" >
      <parameter name="listener" type="com.google.android.gms.maps.GoogleMap.OnInfoWindowClickListener"/>
    </method>
    <method name="OnMarkerClickListener" return="void" abstract="false" native="false" synchronized="false" static="false" final="false" deprecated="not deprecated" visibility="public" >
      <parameter name="listener" type="com.google.android.gms.maps.GoogleMap.OnMarkerClickListener"/>
    </method>
  </add-node>
 

  <add-node path="/api/package[@name='com.google.maps.android.clustering.view']/class[@name='DefaultClusterRenderer']">
    <method name="OnInfoWindowClickListener" return="void" abstract="false" native="false" synchronized="false" static="false" final="false" deprecated="not deprecated" visibility="public" >
      <parameter name="listener" type="com.google.android.gms.maps.GoogleMap.OnInfoWindowClickListener"/>
      <method name="OnMarkerClickListener" return="void" abstract="false" native="false" synchronized="false" static="false" final="false" deprecated="not deprecated" visibility="public" >
        <parameter name="listener" type="com.google.android.gms.maps.GoogleMap.OnMarkerClickListener"/>
      </method>
    </method>
  
  </add-node>
  
 

-->
  


</metadata>
